{
	"installationId": 12345678,
	"jiraHost": "tcbyrd.atlassian.net",
	"repos": {
		"12345678": {
			"name": "testrepo",
			"full_name": "tcbyrd/testrepo",
			"lastPullCursor": "=sdflkjwe0ifj092309cvniki2309u",
			"lastCommitCursor": "=sd9u23knxcovikjw039udlkj32029",
			"pullStatus": "complete",
			"commitStatus": "pending"
		},
		"23456789": {
			"name": "tcbyrd.github.io",
			"full_name": "tcbyrd/tcbyrd.github.io",
			"lastPullCursor": "=sdflkjwe0ifj092310cvniki2309u",
			"lastCommitCursor": "=sd9u23knxcovikj4539udlkj32029",
			"pullStatus": "pending",
			"commitStatus": "pending"
		}
	}
}
