{
	"allow": [
		{
			"description": "Allow stage pollinator checks to call delete installation endpoints for testing",
			"paths": [
				"/api/deleteInstallation/**"
			],
			"methods": [
				"DELETE"
			],
			"principals": {
				"asap": {
					"issuers": [
						"pollinator-check/0afb3a4c-1ab2-4475-b7bd-4b197eb4e7c0",
						"pollinator-check/293a7fe8-9dc7-4f0b-9785-852c104f98d2",
						"pollinator-check/44d4ce64-f598-4282-8cbb-189eff9b94bf",
						"pollinator-check/06673b3a-7d8f-4f6e-8b72-0527695e241b",
						"pollinator-check/f69a7641-a541-4996-adef-0a3516da26d2",
						"pollinator-check/fea5d423-e21f-465b-aa67-54c8367b7777",
						"pollinator-check/47fcf993-7364-49c4-8e71-25b79e046428",
						"pollinator-check/72b41d2e-7612-4ad2-afa1-6affe7e527b9"
					]
				}
			}
		},
		{
			"description": "Allow stage pollinator checks to call view audit log endpoints for testing",
			"paths": [
				"/api/audit-log/**"
			],
			"methods": [
				"GET"
			],
			"principals": {
				"asap": {
					"issuers": [
						"pollinator-check/0afb3a4c-1ab2-4475-b7bd-4b197eb4e7c0",
						"pollinator-check/293a7fe8-9dc7-4f0b-9785-852c104f98d2",
						"pollinator-check/44d4ce64-f598-4282-8cbb-189eff9b94bf",
						"pollinator-check/06673b3a-7d8f-4f6e-8b72-0527695e241b",
						"pollinator-check/f69a7641-a541-4996-adef-0a3516da26d2",
						"pollinator-check/fea5d423-e21f-465b-aa67-54c8367b7777",
						"pollinator-check/47fcf993-7364-49c4-8e71-25b79e046428",
						"pollinator-check/72b41d2e-7612-4ad2-afa1-6affe7e527b9"
					]
				}
			}
		},
		{
			"description": "Allow prod pollinator checks to call post configuration endpoints for testing",
			"paths": [
				"/api/configuration"
			],
			"methods": [
				"POST"
			],
			"principals": {
				"asap": {
					"issuers": [
						"pollinator-check/897e3991-4fc8-462e-9753-9946c4b84cc2"
					]
				}
			}
		}
	]
}
